,0,1,2
0,1256.0,3878.0,5134.0
1,9825.0,9625.0,19450.0
2,9945.0,6837.0,16782.0
3,6058.0,2756.0,8814.0
4,1984.0,9313.0,11297.0
5,2453.0,3911.0,6364.0
6,7684.0,6420.0,14104.0
7,4193.0,7629.0,11822.0
8,2768.0,6264.0,9032.0
9,2019.0,3606.0,5625.0
10,837.0,5772.0,6609.0
11,922.0,4573.0,5495.0
12,298.0,215.0,513.0
13,9678.0,7827.0,17505.0
14,2165.0,9530.0,11695.0
15,6732.0,9313.0,16045.0
16,3379.0,7634.0,11013.0
17,330.0,9029.0,9359.0
18,7478.0,7253.0,14731.0
19,8314.0,5293.0,13607.0
20,9922.0,5853.0,15775.0
21,2503.0,3829.0,6332.0
22,4152.0,6731.0,10883.0
23,7487.0,9437.0,16924.0
24,5501.0,3720.0,9221.0
25,3813.0,4471.0,8284.0
26,8581.0,7062.0,15643.0
27,2277.0,7519.0,9796.0
28,5036.0,2307.0,7343.0
29,3740.0,600.0,4340.0
30,9308.0,5971.0,15279.0
31,3688.0,8871.0,12559.0
32,6069.0,8510.0,14579.0
33,2766.0,6323.0,9089.0
34,3642.0,7507.0,11149.0
35,9890.0,1249.0,11139.0
36,6830.0,2778.0,9608.0
37,9702.0,9057.0,18759.0
38,4680.0,3506.0,8186.0
39,2563.0,4122.0,6685.0
40,7078.0,638.0,7716.0
41,9943.0,3146.0,13089.0
42,8724.0,4934.0,13658.0
43,770.0,6584.0,7354.0
44,6577.0,6995.0,13572.0
45,5667.0,3198.0,8865.0
46,4708.0,5749.0,10457.0
47,8971.0,1307.0,10278.0
48,3162.0,8636.0,11798.0
49,4305.0,9396.0,13701.0
50,5500.0,4080.0,9580.0
51,9505.0,9742.0,19247.0
52,7617.0,500.0,8117.0
53,4053.0,5646.0,9699.0
54,3060.0,1273.0,4333.0
55,5311.0,9459.0,14770.0
56,5818.0,7888.0,13706.0
57,3160.0,1541.0,4701.0
58,9460.0,2516.0,11976.0
59,1617.0,1692.0,3309.0
60,6728.0,2935.0,9663.0
61,2384.0,9087.0,11471.0
62,5491.0,8062.0,13553.0
63,2023.0,9865.0,11888.0
64,451.0,5873.0,6324.0
65,9600.0,5309.0,14909.0
66,1202.0,3961.0,5163.0
67,9100.0,5085.0,14185.0
68,7977.0,8563.0,16540.0
69,6906.0,509.0,7415.0
70,9142.0,519.0,9661.0
71,4473.0,2431.0,6904.0
72,7512.0,3917.0,11429.0
73,834.0,7622.0,8456.0
74,3645.0,9625.0,13270.0
75,2085.0,2382.0,4467.0
76,4219.0,6348.0,10567.0
77,8646.0,1020.0,9666.0
78,112.0,5846.0,5958.0
79,14.0,4547.0,4561.0
80,3709.0,6439.0,10148.0
81,7699.0,1527.0,9226.0
82,7407.0,3588.0,10995.0
83,7295.0,8697.0,15992.0
84,9845.0,2241.0,12086.0
85,6819.0,4087.0,10906.0
86,8432.0,9201.0,17633.0
87,7866.0,6234.0,14100.0
88,6822.0,4248.0,11070.0
89,2824.0,3810.0,6634.0
90,6770.0,5458.0,12228.0
91,6141.0,695.0,6836.0
92,3415.0,6517.0,9932.0
93,3620.0,6810.0,10430.0
94,9790.0,2710.0,12500.0
95,553.0,1561.0,2114.0
96,3306.0,6214.0,9520.0
97,771.0,2359.0,3130.0
98,2657.0,6533.0,9190.0
99,7125.0,6861.0,13986.0
100,8292.0,5705.0,13997.0
101,9104.0,1998.0,11102.0
102,2855.0,6052.0,8907.0
103,2569.0,7970.0,10539.0
104,1196.0,3960.0,5156.0
105,6080.0,3812.0,9892.0
106,7355.0,9761.0,17116.0
107,5363.0,4936.0,10299.0
108,2244.0,2277.0,4521.0
109,6393.0,8891.0,15284.0
110,2954.0,5120.0,8074.0
111,6631.0,413.0,7044.0
112,3059.0,2521.0,5580.0
113,2516.0,3830.0,6346.0
114,7622.0,5336.0,12958.0
115,6356.0,918.0,7274.0
116,7912.0,9672.0,17584.0
117,9113.0,9743.0,18856.0
118,7212.0,2734.0,9946.0
119,6315.0,6463.0,12778.0
120,5309.0,1420.0,6729.0
121,3044.0,4380.0,7424.0
122,5933.0,8899.0,14832.0
123,682.0,5543.0,6225.0
124,7785.0,5572.0,13357.0
125,7439.0,1750.0,9189.0
126,4862.0,5405.0,10267.0
127,8339.0,3889.0,12228.0
128,8042.0,3819.0,11861.0
129,9663.0,6557.0,16220.0
130,8271.0,8351.0,16622.0
131,3521.0,4445.0,7966.0
132,7547.0,7338.0,14885.0
133,7183.0,5602.0,12785.0
134,9678.0,7346.0,17024.0
135,9106.0,2133.0,11239.0
136,7203.0,6369.0,13572.0
137,714.0,4423.0,5137.0
138,2831.0,5798.0,8629.0
139,5937.0,5050.0,10987.0
140,5272.0,6124.0,11396.0
141,8125.0,2739.0,10864.0
142,8914.0,3139.0,12053.0
143,8754.0,7217.0,15971.0
144,5821.0,71.0,5892.0
145,9780.0,1724.0,11504.0
146,8478.0,6035.0,14513.0
147,8067.0,41.0,8108.0
148,7655.0,4495.0,12150.0
149,8328.0,6400.0,14728.0
150,9630.0,2443.0,12073.0
151,958.0,281.0,1239.0
152,1571.0,7342.0,8913.0
153,1464.0,3740.0,5204.0
154,5328.0,3051.0,8379.0
155,7781.0,8759.0,16540.0
156,8520.0,4598.0,13118.0
157,4054.0,1622.0,5676.0
158,7395.0,627.0,8022.0
159,582.0,1709.0,2291.0
160,3342.0,5924.0,9266.0
161,8861.0,3421.0,12282.0
162,9374.0,3822.0,13196.0
163,5577.0,8990.0,14567.0
164,3217.0,4675.0,7892.0
165,1010.0,9269.0,10279.0
166,582.0,6938.0,7520.0
167,7270.0,591.0,7861.0
168,1321.0,388.0,1709.0
169,1699.0,9385.0,11084.0
170,2469.0,3599.0,6068.0
171,9260.0,2512.0,11772.0
172,2099.0,2152.0,4251.0
173,2372.0,4556.0,6928.0
174,2523.0,4821.0,7344.0
175,7221.0,3837.0,11058.0
176,4057.0,9258.0,13315.0
177,8738.0,7377.0,16115.0
178,807.0,6576.0,7383.0
179,2219.0,4207.0,6426.0
180,6557.0,8195.0,14752.0
181,951.0,6713.0,7664.0
182,1105.0,2342.0,3447.0
183,9378.0,1845.0,11223.0
184,9390.0,8888.0,18278.0
185,5400.0,4279.0,9679.0
186,1066.0,3200.0,4266.0
187,8372.0,4055.0,12427.0
188,7245.0,4556.0,11801.0
189,1709.0,1142.0,2851.0
190,8031.0,4897.0,12928.0
191,1866.0,5269.0,7135.0
192,5175.0,1858.0,7033.0
193,4569.0,6590.0,11159.0
194,7214.0,61.0,7275.0
195,7354.0,476.0,7830.0
196,8948.0,6181.0,15129.0
197,5682.0,4876.0,10558.0
198,6474.0,7276.0,13750.0
199,9167.0,1469.0,10636.0
200,2014.0,9796.0,11810.0
201,8508.0,3130.0,11638.0
202,1206.0,6116.0,7322.0
203,4667.0,4847.0,9514.0
204,2298.0,6646.0,8944.0
205,5044.0,4513.0,9557.0
206,8192.0,3143.0,11335.0
207,6596.0,9158.0,15754.0
208,3229.0,7325.0,10554.0
209,9131.0,6860.0,15991.0
210,4734.0,4350.0,9084.0
211,3471.0,4753.0,8224.0
212,275.0,9581.0,9856.0
213,9272.0,1375.0,10647.0
214,3587.0,4648.0,8235.0
215,6295.0,8751.0,15046.0
216,1653.0,3658.0,5311.0
217,419.0,1321.0,1740.0
218,8801.0,6155.0,14956.0
219,5593.0,5457.0,11050.0
220,5187.0,8208.0,13395.0
221,3830.0,2091.0,5921.0
222,9606.0,3401.0,13007.0
223,8726.0,9675.0,18401.0
224,1748.0,9948.0,11696.0
225,6806.0,7109.0,13915.0
226,1307.0,4354.0,5661.0
227,3051.0,8680.0,11731.0
228,8511.0,8628.0,17139.0
229,1714.0,7105.0,8819.0
230,4060.0,511.0,4571.0
231,7608.0,1257.0,8865.0
232,9838.0,4298.0,14136.0
233,9146.0,3410.0,12556.0
234,4468.0,4648.0,9116.0
235,161.0,7474.0,7635.0
236,1535.0,4570.0,6105.0
237,1970.0,4935.0,6905.0
238,1094.0,2607.0,3701.0
239,2301.0,6667.0,8968.0
240,7973.0,4521.0,12494.0
241,2863.0,5542.0,8405.0
242,8307.0,934.0,9241.0
243,9793.0,2785.0,12578.0
244,8337.0,9618.0,17955.0
245,5591.0,1723.0,7314.0
246,1686.0,1115.0,2801.0
247,4196.0,8529.0,12725.0
248,7462.0,5670.0,13132.0
249,5833.0,9227.0,15060.0
250,503.0,462.0,965.0
251,7424.0,1670.0,9094.0
252,2303.0,9334.0,11637.0
253,5199.0,7946.0,13145.0
254,5281.0,3267.0,8548.0
255,9453.0,8488.0,17941.0
256,5401.0,2553.0,7954.0
257,4289.0,7840.0,12129.0
258,2973.0,2695.0,5668.0
259,9534.0,936.0,10470.0
260,8018.0,7317.0,15335.0
261,9594.0,4014.0,13608.0
262,8667.0,2232.0,10899.0
263,3245.0,2334.0,5579.0
264,5217.0,4442.0,9659.0
265,855.0,1920.0,2775.0
266,2601.0,6342.0,8943.0
267,3221.0,9833.0,13054.0
268,2733.0,418.0,3151.0
269,4618.0,5128.0,9746.0
270,8396.0,7799.0,16195.0
271,7132.0,2912.0,10044.0
272,8440.0,7904.0,16344.0
273,6676.0,9282.0,15958.0
274,2986.0,1353.0,4339.0
275,8201.0,3650.0,11851.0
276,6237.0,9158.0,15395.0
277,1940.0,8869.0,10809.0
278,6526.0,271.0,6797.0
279,7778.0,8077.0,15855.0
280,1464.0,6087.0,7551.0
281,5490.0,9931.0,15421.0
282,4591.0,6018.0,10609.0
283,7315.0,465.0,7780.0
284,5075.0,7317.0,12392.0
285,8021.0,8738.0,16759.0
286,3132.0,9495.0,12627.0
287,5377.0,4648.0,10025.0
288,8722.0,1082.0,9804.0
289,648.0,4574.0,5222.0
290,9520.0,2917.0,12437.0
291,4906.0,8504.0,13410.0
292,7133.0,8870.0,16003.0
293,5593.0,3760.0,9353.0
294,6461.0,2787.0,9248.0
295,8634.0,865.0,9499.0
296,6781.0,5353.0,12134.0
297,4652.0,1755.0,6407.0
298,7160.0,8729.0,15889.0
299,395.0,1917.0,2312.0
300,8829.0,5100.0,13929.0
301,8237.0,3898.0,12135.0
302,5266.0,6066.0,11332.0
303,5555.0,4303.0,9858.0
304,5389.0,4138.0,9527.0
305,7114.0,2807.0,9921.0
306,4001.0,6251.0,10252.0
307,7845.0,2148.0,9993.0
308,8229.0,988.0,9217.0
309,1123.0,417.0,1540.0
310,7662.0,4822.0,12484.0
311,8141.0,9494.0,17635.0
312,1340.0,8691.0,10031.0
313,7032.0,1300.0,8332.0
314,566.0,3699.0,4265.0
315,8229.0,2252.0,10481.0
316,5308.0,6983.0,12291.0
317,1002.0,151.0,1153.0
318,8016.0,2616.0,10632.0
319,3153.0,8348.0,11501.0
320,3095.0,9392.0,12487.0
321,5034.0,6798.0,11832.0
322,9971.0,3735.0,13706.0
323,1012.0,9084.0,10096.0
324,322.0,7095.0,7417.0
325,4281.0,4415.0,8696.0
326,2719.0,726.0,3445.0
327,26.0,8433.0,8459.0
328,6539.0,2847.0,9386.0
329,7629.0,905.0,8534.0
330,10.0,9890.0,9900.0
331,909.0,6109.0,7018.0
332,2629.0,1061.0,3690.0
333,2474.0,3168.0,5642.0
334,4052.0,2024.0,6076.0
335,7736.0,6261.0,13997.0
336,6494.0,6473.0,12967.0
337,4225.0,1478.0,5703.0
338,2968.0,299.0,3267.0
339,4116.0,1634.0,5750.0
340,9926.0,8955.0,18881.0
341,2144.0,5404.0,7548.0
342,9577.0,6665.0,16242.0
343,6670.0,4641.0,11311.0
344,2508.0,7052.0,9560.0
345,6666.0,3234.0,9900.0
346,4970.0,8640.0,13610.0
347,2182.0,14.0,2196.0
348,6302.0,4289.0,10591.0
349,2679.0,4516.0,7195.0
350,8437.0,6734.0,15171.0
351,1873.0,9406.0,11279.0
352,1473.0,8795.0,10268.0
353,2716.0,4397.0,7113.0
354,2281.0,5743.0,8024.0
355,4820.0,4336.0,9156.0
356,3364.0,5961.0,9325.0
357,9104.0,9070.0,18174.0
358,9398.0,3803.0,13201.0
359,5014.0,3889.0,8903.0
360,5701.0,1201.0,6902.0
361,3424.0,8176.0,11600.0
362,4982.0,4328.0,9310.0
363,364.0,5357.0,5721.0
364,1443.0,6824.0,8267.0
365,2274.0,2398.0,4672.0
366,8461.0,4095.0,12556.0
367,8637.0,6816.0,15453.0
368,831.0,7157.0,7988.0
369,4092.0,9487.0,13579.0
370,6844.0,4551.0,11395.0
371,2390.0,6495.0,8885.0
372,7358.0,7787.0,15145.0
373,2774.0,4724.0,7498.0
374,3346.0,6833.0,10179.0
375,4209.0,229.0,4438.0
376,3055.0,231.0,3286.0
377,7692.0,172.0,7864.0
378,5714.0,607.0,6321.0
379,6639.0,1815.0,8454.0
380,8217.0,6983.0,15200.0
381,3883.0,7704.0,11587.0
382,8901.0,2497.0,11398.0
383,7775.0,896.0,8671.0
384,7943.0,140.0,8083.0
385,3479.0,3078.0,6557.0
386,595.0,3836.0,4431.0
387,4061.0,7820.0,11881.0
388,512.0,2224.0,2736.0
389,7212.0,2847.0,10059.0
390,7731.0,9496.0,17227.0
391,2767.0,861.0,3628.0
392,9248.0,1973.0,11221.0
393,734.0,8229.0,8963.0
394,2253.0,4266.0,6519.0
395,5186.0,9807.0,14993.0
396,1261.0,100.0,1361.0
397,6495.0,5527.0,12022.0
398,9295.0,1436.0,10731.0
399,5353.0,2229.0,7582.0
400,4830.0,3609.0,8439.0
401,1280.0,7336.0,8616.0
402,8754.0,5633.0,14387.0
403,6419.0,5303.0,11722.0
404,4179.0,2395.0,6574.0
405,2524.0,5136.0,7660.0
406,7007.0,7868.0,14875.0
407,9301.0,5629.0,14930.0
408,4921.0,6585.0,11506.0
409,615.0,66.0,681.0
410,5262.0,5559.0,10821.0
411,2490.0,7874.0,10364.0
412,9934.0,2216.0,12150.0
413,2153.0,4429.0,6582.0
414,4207.0,224.0,4431.0
415,3862.0,4405.0,8267.0
416,143.0,7657.0,7800.0
417,5180.0,5578.0,10758.0
418,1894.0,7839.0,9733.0
419,8171.0,5581.0,13752.0
420,6998.0,9128.0,16126.0
421,7342.0,8330.0,15672.0
422,968.0,3917.0,4885.0
423,2513.0,9073.0,11586.0
424,8639.0,8621.0,17260.0
425,8243.0,6562.0,14805.0
426,7422.0,2966.0,10388.0
427,8361.0,4949.0,13310.0
428,1680.0,7583.0,9263.0
429,7057.0,1748.0,8805.0
430,8910.0,6860.0,15770.0
431,5517.0,9228.0,14745.0
432,4508.0,3864.0,8372.0
433,8709.0,8073.0,16782.0
434,5613.0,9953.0,15566.0
435,304.0,9968.0,10272.0
436,7868.0,7674.0,15542.0
437,6858.0,8865.0,15723.0
438,5365.0,2181.0,7546.0
439,4928.0,8972.0,13900.0
440,2335.0,9046.0,11381.0
441,4332.0,5524.0,9856.0
442,4178.0,7036.0,11214.0
443,500.0,832.0,1332.0
444,1361.0,729.0,2090.0
445,2255.0,3798.0,6053.0
446,8382.0,3738.0,12120.0
447,7223.0,1922.0,9145.0
448,3459.0,9406.0,12865.0
449,6580.0,5717.0,12297.0
450,9817.0,8827.0,18644.0
451,2764.0,8013.0,10777.0
452,3421.0,9349.0,12770.0
453,9299.0,4290.0,13589.0
454,8568.0,748.0,9316.0
455,6153.0,4758.0,10911.0
456,1761.0,4573.0,6334.0
457,5308.0,3685.0,8993.0
458,2189.0,8892.0,11081.0
459,4933.0,2222.0,7155.0
460,8035.0,7055.0,15090.0
461,5850.0,3495.0,9345.0
462,7693.0,2196.0,9889.0
463,2365.0,1670.0,4035.0
464,7908.0,9230.0,17138.0
465,5532.0,47.0,5579.0
466,6651.0,734.0,7385.0
467,1789.0,9940.0,11729.0
468,3109.0,1712.0,4821.0
469,5092.0,1095.0,6187.0
470,4970.0,2886.0,7856.0
471,9657.0,2243.0,11900.0
472,8848.0,9568.0,18416.0
473,2146.0,5630.0,7776.0
474,427.0,9888.0,10315.0
475,3021.0,2827.0,5848.0
476,4177.0,6791.0,10968.0
477,4206.0,9048.0,13254.0
478,7741.0,5490.0,13231.0
479,3522.0,1362.0,4884.0
480,9717.0,6605.0,16322.0
481,7316.0,5082.0,12398.0
482,6616.0,515.0,7131.0
483,3934.0,4894.0,8828.0
484,3784.0,4213.0,7997.0
485,8228.0,7259.0,15487.0
486,7481.0,70.0,7551.0
487,2924.0,4667.0,7591.0
488,5253.0,7582.0,12835.0
489,983.0,3291.0,4274.0
490,7626.0,9836.0,17462.0
491,7887.0,2124.0,10011.0
492,1031.0,371.0,1402.0
493,6824.0,6043.0,12867.0
494,9049.0,4361.0,13410.0
495,3609.0,2543.0,6152.0
496,2633.0,7238.0,9871.0
497,9953.0,1850.0,11803.0
498,6883.0,1091.0,7974.0
499,4011.0,1005.0,5016.0
500,905.0,5124.0,6029.0
501,1295.0,5058.0,6353.0
502,5760.0,9821.0,15581.0
503,2185.0,4650.0,6835.0
504,7531.0,493.0,8024.0
505,7024.0,6895.0,13919.0
506,4920.0,7629.0,12549.0
507,2856.0,7570.0,10426.0
508,7548.0,9142.0,16690.0
509,112.0,4364.0,4476.0
510,6125.0,4534.0,10659.0
511,8999.0,7252.0,16251.0
512,7082.0,2783.0,9865.0
513,9639.0,2910.0,12549.0
514,841.0,9726.0,10567.0
515,3719.0,6358.0,10077.0
516,5006.0,9273.0,14279.0
517,6404.0,1431.0,7835.0
518,8994.0,3205.0,12199.0
519,6610.0,8127.0,14737.0
520,2303.0,5741.0,8044.0
521,7087.0,7603.0,14690.0
522,7975.0,6015.0,13990.0
523,5041.0,9293.0,14334.0
524,1135.0,8520.0,9655.0
525,1849.0,3209.0,5058.0
526,7231.0,8144.0,15375.0
527,4127.0,6694.0,10821.0
528,2942.0,6953.0,9895.0
529,9258.0,6781.0,16039.0
530,1503.0,4315.0,5818.0
531,8720.0,2488.0,11208.0
532,4476.0,2210.0,6686.0
533,9156.0,8570.0,17726.0
534,2281.0,5030.0,7311.0
535,6133.0,6341.0,12474.0
536,4800.0,1148.0,5948.0
537,4813.0,949.0,5762.0
538,4525.0,5779.0,10304.0
539,4609.0,973.0,5582.0
540,4675.0,5251.0,9926.0
541,473.0,9531.0,10004.0
542,5398.0,8303.0,13701.0
543,583.0,2421.0,3004.0
544,396.0,4735.0,5131.0
545,2874.0,8654.0,11528.0
546,854.0,258.0,1112.0
547,9801.0,2882.0,12683.0
548,8248.0,6136.0,14384.0
549,4305.0,7951.0,12256.0
550,1113.0,5164.0,6277.0
551,6275.0,7308.0,13583.0
552,1928.0,8499.0,10427.0
553,2236.0,2793.0,5029.0
554,6624.0,8390.0,15014.0
555,2407.0,8483.0,10890.0
556,7347.0,3445.0,10792.0
557,238.0,2585.0,2823.0
558,1659.0,9504.0,11163.0
559,8512.0,3988.0,12500.0
560,1195.0,995.0,2190.0
561,692.0,2943.0,3635.0
562,4561.0,9311.0,13872.0
563,3338.0,7220.0,10558.0
564,444.0,959.0,1403.0
565,6182.0,9866.0,16048.0
566,2910.0,462.0,3372.0
567,2245.0,411.0,2656.0
568,1293.0,9071.0,10364.0
569,8402.0,338.0,8740.0
570,3045.0,2859.0,5904.0
571,6228.0,1564.0,7792.0
572,9060.0,7583.0,16643.0
573,3767.0,5751.0,9518.0
574,2829.0,4866.0,7695.0
575,2517.0,9894.0,12411.0
576,9681.0,6086.0,15767.0
577,3492.0,745.0,4237.0
578,5959.0,7327.0,13286.0
579,7674.0,410.0,8084.0
580,5977.0,6986.0,12963.0
581,1319.0,9137.0,10456.0
582,6343.0,8252.0,14595.0
583,5465.0,2321.0,7786.0
584,7253.0,2594.0,9847.0
585,9642.0,4734.0,14376.0
586,7385.0,5441.0,12826.0
587,7209.0,997.0,8206.0
588,5932.0,9725.0,15657.0
589,4590.0,9394.0,13984.0
590,1482.0,3079.0,4561.0
591,4117.0,6121.0,10238.0
592,1897.0,4918.0,6815.0
593,8903.0,4994.0,13897.0
594,2798.0,2323.0,5121.0
595,3818.0,3278.0,7096.0
596,4053.0,928.0,4981.0
597,1555.0,8977.0,10532.0
598,98.0,7543.0,7641.0
599,2483.0,6710.0,9193.0
600,6617.0,3538.0,10155.0
601,2706.0,6618.0,9324.0
602,8656.0,8084.0,16740.0
603,853.0,1253.0,2106.0
604,5421.0,939.0,6360.0
605,3855.0,3057.0,6912.0
606,4651.0,5596.0,10247.0
607,3640.0,6515.0,10155.0
608,2583.0,8460.0,11043.0
609,4729.0,7382.0,12111.0
610,5873.0,6152.0,12025.0
611,9785.0,8789.0,18574.0
612,4921.0,6448.0,11369.0
613,1703.0,72.0,1775.0
614,21.0,1157.0,1178.0
615,8930.0,4014.0,12944.0
616,9212.0,721.0,9933.0
617,3567.0,8017.0,11584.0
618,1866.0,2180.0,4046.0
619,8883.0,3293.0,12176.0
620,1552.0,7615.0,9167.0
621,6914.0,7779.0,14693.0
622,4858.0,9638.0,14496.0
623,4574.0,3291.0,7865.0
624,8606.0,1226.0,9832.0
625,3886.0,9441.0,13327.0
626,9008.0,9526.0,18534.0
627,529.0,192.0,721.0
628,9713.0,5682.0,15395.0
629,6663.0,8657.0,15320.0
630,2325.0,9384.0,11709.0
631,7124.0,3662.0,10786.0
632,8141.0,8790.0,16931.0
633,281.0,5828.0,6109.0
634,9662.0,866.0,10528.0
635,3923.0,6260.0,10183.0
636,9769.0,7921.0,17690.0
637,8477.0,2927.0,11404.0
638,2056.0,8056.0,10112.0
639,9647.0,5923.0,15570.0
640,5202.0,9142.0,14344.0
641,1915.0,88.0,2003.0
642,6958.0,7625.0,14583.0
643,7989.0,1618.0,9607.0
644,9554.0,1518.0,11072.0
645,4461.0,2202.0,6663.0
646,2639.0,176.0,2815.0
647,7530.0,3522.0,11052.0
648,6815.0,7036.0,13851.0
649,95.0,2950.0,3045.0
650,4679.0,5611.0,10290.0
651,9464.0,1037.0,10501.0
652,2619.0,2288.0,4907.0
653,1947.0,809.0,2756.0
654,8777.0,1294.0,10071.0
655,5413.0,5355.0,10768.0
656,9739.0,6918.0,16657.0
657,5540.0,9812.0,15352.0
658,3428.0,6094.0,9522.0
659,2397.0,9752.0,12149.0
660,6309.0,9989.0,16298.0
661,5087.0,4808.0,9895.0
662,6634.0,1875.0,8509.0
663,9195.0,5249.0,14444.0
664,8684.0,2012.0,10696.0
665,2268.0,3129.0,5397.0
666,3837.0,4698.0,8535.0
667,8458.0,6497.0,14955.0
668,6157.0,9498.0,15655.0
669,5289.0,477.0,5766.0
670,3586.0,4515.0,8101.0
671,1271.0,2531.0,3802.0
672,8692.0,9280.0,17972.0
673,8112.0,4841.0,12953.0
674,8460.0,9212.0,17672.0
675,7433.0,2048.0,9481.0
676,8327.0,3983.0,12310.0
677,6406.0,2481.0,8887.0
678,1607.0,3599.0,5206.0
679,9056.0,1959.0,11015.0
680,1954.0,2720.0,4674.0
681,747.0,1422.0,2169.0
682,5827.0,4985.0,10812.0
683,3907.0,1673.0,5580.0
684,4805.0,7159.0,11964.0
685,8210.0,5041.0,13251.0
686,5952.0,7590.0,13542.0
687,1269.0,8329.0,9598.0
688,2342.0,7943.0,10285.0
689,2334.0,6117.0,8451.0
690,8025.0,7684.0,15709.0
691,260.0,2499.0,2759.0
692,7092.0,7523.0,14615.0
693,1352.0,6793.0,8145.0
694,3510.0,1435.0,4945.0
695,9011.0,5035.0,14046.0
696,7558.0,8634.0,16192.0
697,7446.0,3493.0,10939.0
698,7905.0,4069.0,11974.0
699,3888.0,4564.0,8452.0
700,7418.0,6611.0,14029.0
701,2366.0,7782.0,10148.0
702,2717.0,8319.0,11036.0
703,273.0,5746.0,6019.0
704,6090.0,2060.0,8150.0
705,28.0,3765.0,3793.0
706,9121.0,427.0,9548.0
707,4719.0,8028.0,12747.0
708,8139.0,5351.0,13490.0
709,4975.0,2675.0,7650.0
710,2883.0,9618.0,12501.0
711,3708.0,6918.0,10626.0
712,9020.0,9451.0,18471.0
713,9045.0,5577.0,14622.0
714,755.0,3207.0,3962.0
715,3093.0,6630.0,9723.0
716,6977.0,9650.0,16627.0
717,535.0,518.0,1053.0
718,493.0,6241.0,6734.0
719,3382.0,6782.0,10164.0
720,1220.0,3995.0,5215.0
721,5439.0,1737.0,7176.0
722,1220.0,6726.0,7946.0
723,9118.0,3374.0,12492.0
724,5428.0,5802.0,11230.0
725,2009.0,6688.0,8697.0
726,2617.0,532.0,3149.0
727,9921.0,35.0,9956.0
728,9596.0,5542.0,15138.0
729,2123.0,6847.0,8970.0
730,5689.0,4098.0,9787.0
731,963.0,4362.0,5325.0
732,2249.0,8676.0,10925.0
733,7964.0,7014.0,14978.0
734,2690.0,1183.0,3873.0
735,2711.0,8712.0,11423.0
736,9564.0,3412.0,12976.0
737,922.0,8560.0,9482.0
738,7183.0,3742.0,10925.0
739,4426.0,6922.0,11348.0
740,6588.0,2789.0,9377.0
741,8523.0,8968.0,17491.0
742,6099.0,2140.0,8239.0
743,3566.0,1336.0,4902.0
744,454.0,6967.0,7421.0
745,4068.0,6223.0,10291.0
746,6650.0,6921.0,13571.0
747,9392.0,7020.0,16412.0
748,9020.0,9280.0,18300.0
749,6558.0,3870.0,10428.0
750,9622.0,8397.0,18019.0
751,1864.0,166.0,2030.0
752,8279.0,1924.0,10203.0
753,3344.0,7254.0,10598.0
754,2001.0,8067.0,10068.0
755,820.0,5276.0,6096.0
756,8521.0,2597.0,11118.0
757,9063.0,6458.0,15521.0
758,7587.0,8744.0,16331.0
759,1923.0,1625.0,3548.0
760,9520.0,2826.0,12346.0
761,3330.0,6117.0,9447.0
762,5062.0,1556.0,6618.0
763,7906.0,7769.0,15675.0
764,3189.0,2022.0,5211.0
765,4695.0,2681.0,7376.0
766,6130.0,1347.0,7477.0
767,6932.0,2511.0,9443.0
768,6706.0,1217.0,7923.0
769,5090.0,4339.0,9429.0
770,1892.0,1962.0,3854.0
771,3824.0,2462.0,6286.0
772,6694.0,8623.0,15317.0
773,5909.0,6620.0,12529.0
774,2825.0,3765.0,6590.0
775,2144.0,8394.0,10538.0
776,4164.0,9245.0,13409.0
777,8368.0,9062.0,17430.0
778,3335.0,1770.0,5105.0
779,5263.0,7874.0,13137.0
780,8707.0,5476.0,14183.0
781,7940.0,2360.0,10300.0
782,4180.0,531.0,4711.0
783,5642.0,1097.0,6739.0
784,2147.0,7771.0,9918.0
785,810.0,6733.0,7543.0
786,4569.0,2063.0,6632.0
787,2051.0,1189.0,3240.0
788,295.0,9455.0,9750.0
789,3604.0,4804.0,8408.0
790,5349.0,5155.0,10504.0
791,9599.0,9568.0,19167.0
792,9523.0,7161.0,16684.0
793,1667.0,4751.0,6418.0
794,7891.0,7964.0,15855.0
795,5025.0,8347.0,13372.0
796,111.0,1383.0,1494.0
797,7285.0,2475.0,9760.0
798,223.0,3116.0,3339.0
799,9978.0,9713.0,19691.0
800,4302.0,638.0,4940.0
801,2789.0,5525.0,8314.0
802,8857.0,9364.0,18221.0
803,196.0,8969.0,9165.0
804,3943.0,2133.0,6076.0
805,1317.0,4500.0,5817.0
806,5842.0,8302.0,14144.0
807,2479.0,4834.0,7313.0
808,5371.0,6956.0,12327.0
809,9671.0,932.0,10603.0
810,7145.0,9322.0,16467.0
811,3557.0,7351.0,10908.0
812,5482.0,1440.0,6922.0
813,354.0,3807.0,4161.0
814,7607.0,6227.0,13834.0
815,6253.0,6005.0,12258.0
816,7299.0,7553.0,14852.0
817,9805.0,3038.0,12843.0
818,3264.0,7545.0,10809.0
819,3274.0,7843.0,11117.0
820,7879.0,955.0,8834.0
821,136.0,4949.0,5085.0
822,2349.0,8969.0,11318.0
823,7190.0,1927.0,9117.0
824,1780.0,4222.0,6002.0
825,8987.0,8931.0,17918.0
826,2510.0,1419.0,3929.0
827,9829.0,8007.0,17836.0
828,9638.0,1887.0,11525.0
829,3371.0,8081.0,11452.0
830,3111.0,146.0,3257.0
831,5175.0,3734.0,8909.0
832,770.0,1930.0,2700.0
833,4010.0,3288.0,7298.0
834,7625.0,4529.0,12154.0
835,8496.0,4778.0,13274.0
836,4846.0,6121.0,10967.0
837,8573.0,6330.0,14903.0
838,5899.0,6502.0,12401.0
839,766.0,2798.0,3564.0
840,4759.0,7583.0,12342.0
841,3899.0,1927.0,5826.0
842,6718.0,7164.0,13882.0
843,2427.0,7493.0,9920.0
844,8143.0,557.0,8700.0
845,139.0,584.0,723.0
846,161.0,9223.0,9384.0
847,3771.0,5544.0,9315.0
848,401.0,5708.0,6109.0
849,9758.0,7425.0,17183.0
850,7862.0,6918.0,14780.0
851,9684.0,2614.0,12298.0
852,1928.0,543.0,2471.0
853,869.0,4627.0,5496.0
854,9945.0,6604.0,16549.0
855,797.0,3752.0,4549.0
856,3776.0,8597.0,12373.0
857,8104.0,8323.0,16427.0
858,135.0,828.0,963.0
859,477.0,2395.0,2872.0
860,6934.0,840.0,7774.0
861,8284.0,4232.0,12516.0
862,8407.0,6396.0,14803.0
863,7542.0,3968.0,11510.0
864,3287.0,6157.0,9444.0
865,8672.0,8592.0,17264.0
866,4895.0,8025.0,12920.0
867,6735.0,545.0,7280.0
868,394.0,33.0,427.0
869,1546.0,9071.0,10617.0
870,427.0,8424.0,8851.0
871,1526.0,75.0,1601.0
872,1571.0,2639.0,4210.0
873,1492.0,6065.0,7557.0
874,4585.0,5266.0,9851.0
875,4096.0,4904.0,9000.0
876,5291.0,2677.0,7968.0
877,4090.0,4741.0,8831.0
878,3027.0,4263.0,7290.0
879,3414.0,8672.0,12086.0
880,2034.0,3058.0,5092.0
881,5603.0,5478.0,11081.0
882,47.0,7605.0,7652.0
883,5015.0,7372.0,12387.0
884,7164.0,5401.0,12565.0
885,3569.0,4570.0,8139.0
886,1181.0,2689.0,3870.0
887,969.0,5085.0,6054.0
888,9106.0,7212.0,16318.0
889,6917.0,1143.0,8060.0
890,4581.0,7371.0,11952.0
891,5379.0,4368.0,9747.0
892,9107.0,1586.0,10693.0
893,7342.0,5101.0,12443.0
894,1075.0,1074.0,2149.0
895,9575.0,2002.0,11577.0
896,2737.0,8217.0,10954.0
897,9313.0,3870.0,13183.0
898,4861.0,8144.0,13005.0
899,9058.0,4071.0,13129.0
900,3785.0,6121.0,9906.0
901,5035.0,1872.0,6907.0
902,266.0,7619.0,7885.0
903,9077.0,9131.0,18208.0
904,5106.0,3518.0,8624.0
905,73.0,9169.0,9242.0
906,4194.0,7446.0,11640.0
907,5515.0,2827.0,8342.0
908,5400.0,7714.0,13114.0
909,5903.0,3070.0,8973.0
910,8787.0,7949.0,16736.0
911,1960.0,9448.0,11408.0
912,960.0,8087.0,9047.0
913,4689.0,9310.0,13999.0
914,4770.0,6696.0,11466.0
915,7990.0,9024.0,17014.0
916,8342.0,1662.0,10004.0
917,2855.0,3083.0,5938.0
918,2586.0,8969.0,11555.0
919,7608.0,3057.0,10665.0
920,3878.0,3329.0,7207.0
921,6075.0,7241.0,13316.0
922,4383.0,3982.0,8365.0
923,1664.0,7774.0,9438.0
924,6964.0,148.0,7112.0
925,1681.0,7240.0,8921.0
926,9890.0,4127.0,14017.0
927,26.0,677.0,703.0
928,2238.0,1393.0,3631.0
929,9565.0,1343.0,10908.0
930,8500.0,1144.0,9644.0
931,132.0,2584.0,2716.0
932,2308.0,619.0,2927.0
933,9406.0,2273.0,11679.0
934,5694.0,8109.0,13803.0
935,9399.0,801.0,10200.0
936,8568.0,4030.0,12598.0
937,8161.0,142.0,8303.0
938,9707.0,2278.0,11985.0
939,7116.0,2276.0,9392.0
940,3228.0,512.0,3740.0
941,8112.0,6978.0,15090.0
942,7896.0,1157.0,9053.0
943,2569.0,3963.0,6532.0
944,1939.0,7186.0,9125.0
945,1634.0,6904.0,8538.0
946,2552.0,9343.0,11895.0
947,8703.0,4185.0,12888.0
948,8200.0,769.0,8969.0
949,9696.0,6238.0,15934.0
950,4468.0,939.0,5407.0
951,5518.0,7183.0,12701.0
952,1919.0,2550.0,4469.0
953,1836.0,4599.0,6435.0
954,1800.0,6797.0,8597.0
955,7638.0,9417.0,17055.0
956,6154.0,3629.0,9783.0
957,9324.0,6152.0,15476.0
958,6989.0,3800.0,10789.0
959,2265.0,3631.0,5896.0
960,6680.0,5795.0,12475.0
961,3256.0,9756.0,13012.0
962,1668.0,9755.0,11423.0
963,2721.0,3787.0,6508.0
964,5807.0,1641.0,7448.0
965,6287.0,1089.0,7376.0
966,4402.0,2274.0,6676.0
967,8346.0,9184.0,17530.0
968,1836.0,464.0,2300.0
969,6229.0,9506.0,15735.0
970,4146.0,3268.0,7414.0
971,6088.0,7854.0,13942.0
972,2049.0,6196.0,8245.0
973,1085.0,3059.0,4144.0
974,5430.0,6632.0,12062.0
975,3522.0,4742.0,8264.0
976,7073.0,441.0,7514.0
977,7898.0,6912.0,14810.0
978,3470.0,8617.0,12087.0
979,7200.0,9387.0,16587.0
980,4305.0,5251.0,9556.0
981,1007.0,5656.0,6663.0
982,9873.0,5057.0,14930.0
983,5507.0,9046.0,14553.0
984,8263.0,4826.0,13089.0
985,8237.0,5868.0,14105.0
986,506.0,1052.0,1558.0
987,6119.0,1678.0,7797.0
988,7762.0,190.0,7952.0
989,4564.0,9459.0,14023.0
990,6184.0,3752.0,9936.0
991,7168.0,3888.0,11056.0
992,1340.0,2212.0,3552.0
993,7517.0,4790.0,12307.0
994,9345.0,2783.0,12128.0
995,7560.0,9635.0,17195.0
996,8259.0,7170.0,15429.0
997,32.0,6388.0,6420.0
998,4332.0,586.0,4918.0
999,2848.0,8990.0,11838.0
1000,6233.0,3667.0,9900.0
1001,656.0,8395.0,9051.0
1002,9296.0,6179.0,15475.0
1003,3244.0,490.0,3734.0
1004,4288.0,7537.0,11825.0
1005,2498.0,8910.0,11408.0
1006,4223.0,589.0,4812.0
1007,363.0,1382.0,1745.0
1008,5867.0,5161.0,11028.0
1009,9251.0,3525.0,12776.0
1010,2934.0,4822.0,7756.0
1011,6952.0,8332.0,15284.0
1012,2395.0,3306.0,5701.0
1013,8720.0,733.0,9453.0
1014,5913.0,6513.0,12426.0
1015,8855.0,6393.0,15248.0
1016,2636.0,8278.0,10914.0
1017,2816.0,7058.0,9874.0
1018,1706.0,9625.0,11331.0
1019,8915.0,6121.0,15036.0
1020,4813.0,5527.0,10340.0
1021,3059.0,6227.0,9286.0
1022,8571.0,9043.0,17614.0
1023,1468.0,8358.0,9826.0
1024,5252.0,8795.0,14047.0
1025,9179.0,4070.0,13249.0
1026,801.0,2407.0,3208.0
1027,7709.0,66.0,7775.0
1028,939.0,6078.0,7017.0
1029,6778.0,1368.0,8146.0
1030,3799.0,1808.0,5607.0
1031,2079.0,9471.0,11550.0
1032,7610.0,6734.0,14344.0
1033,23.0,3684.0,3707.0
1034,147.0,1032.0,1179.0
1035,9283.0,8238.0,17521.0
1036,6317.0,1420.0,7737.0
1037,1957.0,3466.0,5423.0
1038,2537.0,5165.0,7702.0
1039,5938.0,1028.0,6966.0
1040,2066.0,9572.0,11638.0
1041,4539.0,9765.0,14304.0
1042,6830.0,4362.0,11192.0
1043,6675.0,9880.0,16555.0
1044,9643.0,6592.0,16235.0
1045,6869.0,1025.0,7894.0
1046,3921.0,9342.0,13263.0
1047,802.0,6479.0,7281.0
1048,5981.0,1328.0,7309.0
1049,208.0,6010.0,6218.0
1050,6040.0,4562.0,10602.0
1051,9908.0,9651.0,19559.0
1052,6129.0,5173.0,11302.0
1053,6128.0,8861.0,14989.0
1054,4325.0,5529.0,9854.0
1055,9192.0,5337.0,14529.0
1056,6345.0,1190.0,7535.0
1057,6105.0,404.0,6509.0
1058,3622.0,9608.0,13230.0
1059,5290.0,1504.0,6794.0
1060,2296.0,6449.0,8745.0
1061,5330.0,1809.0,7139.0
1062,6002.0,9159.0,15161.0
1063,173.0,2485.0,2658.0
1064,9798.0,6746.0,16544.0
1065,761.0,8672.0,9433.0
1066,3675.0,8684.0,12359.0
1067,5856.0,5899.0,11755.0
1068,7799.0,4047.0,11846.0
1069,1547.0,6450.0,7997.0
1070,8743.0,8794.0,17537.0
1071,1831.0,2388.0,4219.0
1072,9526.0,5048.0,14574.0
1073,62.0,2411.0,2473.0
1074,3252.0,6776.0,10028.0
1075,9161.0,546.0,9707.0
1076,5388.0,2447.0,7835.0
1077,3687.0,7789.0,11476.0
1078,8582.0,2853.0,11435.0
1079,5581.0,4828.0,10409.0
1080,1755.0,7034.0,8789.0
1081,2104.0,7309.0,9413.0
1082,7839.0,1876.0,9715.0
1083,9150.0,1995.0,11145.0
1084,8289.0,3474.0,11763.0
1085,2410.0,3227.0,5637.0
1086,5371.0,2081.0,7452.0
1087,2756.0,868.0,3624.0
1088,6899.0,2397.0,9296.0
1089,3586.0,524.0,4110.0
1090,4931.0,1904.0,6835.0
1091,3991.0,6763.0,10754.0
1092,2232.0,7421.0,9653.0
1093,8595.0,2944.0,11539.0
1094,6463.0,7471.0,13934.0
1095,7281.0,5579.0,12860.0
1096,6889.0,5239.0,12128.0
1097,5899.0,5566.0,11465.0
1098,5461.0,9774.0,15235.0
1099,3090.0,6316.0,9406.0
1100,3648.0,8273.0,11921.0
1101,6207.0,9980.0,16187.0
1102,9605.0,8679.0,18284.0
1103,8084.0,7448.0,15532.0
1104,8512.0,7277.0,15789.0
1105,1419.0,4766.0,6185.0
1106,4487.0,8876.0,13363.0
1107,4467.0,7831.0,12298.0
1108,964.0,3686.0,4650.0
1109,1486.0,3556.0,5042.0
1110,2892.0,8582.0,11474.0
1111,675.0,5541.0,6216.0
1112,4309.0,4019.0,8328.0
1113,3961.0,9703.0,13664.0
1114,9607.0,1516.0,11123.0
1115,2475.0,9497.0,11972.0
1116,1466.0,9180.0,10646.0
1117,4968.0,9787.0,14755.0
1118,5213.0,2053.0,7266.0
1119,3697.0,1287.0,4984.0
1120,1017.0,2953.0,3970.0
1121,9029.0,2750.0,11779.0
1122,9966.0,302.0,10268.0
1123,5325.0,7509.0,12834.0
1124,5156.0,4155.0,9311.0
1125,722.0,8570.0,9292.0
1126,8410.0,30.0,8440.0
1127,4739.0,1089.0,5828.0
1128,8797.0,1978.0,10775.0
1129,4438.0,8428.0,12866.0
1130,9402.0,9797.0,19199.0
1131,7842.0,2847.0,10689.0
1132,1732.0,1159.0,2891.0
1133,8237.0,3333.0,11570.0
1134,2804.0,970.0,3774.0
1135,2775.0,3531.0,6306.0
1136,421.0,4679.0,5100.0
1137,3979.0,775.0,4754.0
1138,3586.0,895.0,4481.0
1139,5505.0,343.0,5848.0
1140,7168.0,7877.0,15045.0
1141,2057.0,2849.0,4906.0
1142,8843.0,2274.0,11117.0
1143,8931.0,5292.0,14223.0
1144,461.0,1125.0,1586.0
1145,5969.0,4698.0,10667.0
1146,7058.0,7872.0,14930.0
1147,4325.0,4023.0,8348.0
1148,8153.0,180.0,8333.0
1149,3715.0,2886.0,6601.0
1150,3733.0,3700.0,7433.0
1151,2211.0,2940.0,5151.0
1152,6629.0,9928.0,16557.0
1153,5730.0,6494.0,12224.0
1154,488.0,4679.0,5167.0
1155,9476.0,5320.0,14796.0
1156,4508.0,3613.0,8121.0
1157,7568.0,9412.0,16980.0
1158,5456.0,9830.0,15286.0
1159,3043.0,6986.0,10029.0
1160,2457.0,8761.0,11218.0
1161,7480.0,2000.0,9480.0
1162,6370.0,9638.0,16008.0
1163,7433.0,4488.0,11921.0
1164,801.0,8750.0,9551.0
1165,9941.0,4761.0,14702.0
1166,6086.0,3211.0,9297.0
1167,1410.0,961.0,2371.0
1168,6834.0,7142.0,13976.0
1169,6326.0,4552.0,10878.0
1170,6745.0,266.0,7011.0
1171,148.0,5405.0,5553.0
1172,151.0,3773.0,3924.0
1173,1700.0,8957.0,10657.0
1174,347.0,7203.0,7550.0
1175,1675.0,6259.0,7934.0
1176,8131.0,1897.0,10028.0
1177,376.0,1155.0,1531.0
1178,8730.0,6266.0,14996.0
1179,7938.0,784.0,8722.0
1180,9314.0,3564.0,12878.0
1181,8697.0,6978.0,15675.0
1182,3079.0,4276.0,7355.0
1183,3853.0,6337.0,10190.0
1184,5642.0,9682.0,15324.0
1185,5283.0,4482.0,9765.0
1186,9516.0,5854.0,15370.0
1187,184.0,5152.0,5336.0
1188,8878.0,4452.0,13330.0
1189,9886.0,2133.0,12019.0
1190,6316.0,2948.0,9264.0
1191,9091.0,5848.0,14939.0
1192,7503.0,726.0,8229.0
1193,1748.0,3512.0,5260.0
1194,4803.0,4886.0,9689.0
1195,9701.0,4955.0,14656.0
1196,5608.0,5679.0,11287.0
1197,5907.0,6070.0,11977.0
1198,9513.0,3606.0,13119.0
1199,5465.0,6755.0,12220.0
1200,6362.0,6143.0,12505.0
1201,2149.0,5308.0,7457.0
1202,8470.0,6711.0,15181.0
1203,7322.0,9748.0,17070.0
1204,4074.0,6222.0,10296.0
1205,5645.0,6450.0,12095.0
1206,5671.0,5585.0,11256.0
1207,7255.0,5763.0,13018.0
1208,7029.0,1038.0,8067.0
1209,8354.0,9355.0,17709.0
1210,7566.0,562.0,8128.0
1211,5736.0,2651.0,8387.0
1212,1253.0,3286.0,4539.0
1213,6021.0,4278.0,10299.0
1214,197.0,634.0,831.0
1215,6996.0,8632.0,15628.0
1216,9704.0,1456.0,11160.0
1217,2755.0,494.0,3249.0
1218,3502.0,50.0,3552.0
1219,3002.0,5417.0,8419.0
1220,7648.0,6591.0,14239.0
1221,5403.0,9911.0,15314.0
1222,8737.0,9501.0,18238.0
1223,6211.0,4437.0,10648.0
1224,8.0,7432.0,7440.0
1225,9320.0,7441.0,16761.0
1226,7654.0,9988.0,17642.0
1227,4327.0,4573.0,8900.0
1228,3335.0,1741.0,5076.0
1229,5187.0,174.0,5361.0
1230,2612.0,2027.0,4639.0
1231,5721.0,9967.0,15688.0
1232,8104.0,5832.0,13936.0
1233,3804.0,1415.0,5219.0
1234,1127.0,532.0,1659.0
1235,9454.0,9368.0,18822.0
1236,468.0,7714.0,8182.0
1237,2073.0,3484.0,5557.0
1238,1729.0,4951.0,6680.0
1239,9726.0,986.0,10712.0
1240,3287.0,8511.0,11798.0
1241,4786.0,9059.0,13845.0
1242,4237.0,8602.0,12839.0
1243,7424.0,7001.0,14425.0
1244,8055.0,6863.0,14918.0
1245,5840.0,4564.0,10404.0
1246,8569.0,3769.0,12338.0
1247,7534.0,2928.0,10462.0
1248,2833.0,4889.0,7722.0
1249,8591.0,4290.0,12881.0
1250,5689.0,4667.0,10356.0
1251,6876.0,5563.0,12439.0
1252,4009.0,9910.0,13919.0
1253,9078.0,8113.0,17191.0
1254,9706.0,8080.0,17786.0
1255,117.0,7668.0,7785.0
1256,4679.0,7422.0,12101.0
1257,4523.0,5997.0,10520.0
1258,5405.0,6923.0,12328.0
1259,3141.0,7678.0,10819.0
1260,3422.0,9207.0,12629.0
1261,2663.0,3992.0,6655.0
1262,6686.0,2396.0,9082.0
1263,1904.0,3415.0,5319.0
1264,8708.0,5056.0,13764.0
1265,523.0,3622.0,4145.0
1266,9172.0,273.0,9445.0
1267,531.0,5847.0,6378.0
1268,2302.0,1703.0,4005.0
1269,3478.0,9974.0,13452.0
1270,1345.0,6856.0,8201.0
1271,9472.0,8062.0,17534.0
1272,9518.0,7199.0,16717.0
1273,9539.0,1238.0,10777.0
1274,2768.0,627.0,3395.0
1275,2128.0,2935.0,5063.0
1276,832.0,2570.0,3402.0
1277,9503.0,1536.0,11039.0
1278,8584.0,9365.0,17949.0
1279,9132.0,4674.0,13806.0
1280,9975.0,9113.0,19088.0
1281,2424.0,1581.0,4005.0
1282,7318.0,7256.0,14574.0
1283,590.0,698.0,1288.0
1284,1672.0,1137.0,2809.0
1285,9183.0,9957.0,19140.0
1286,6964.0,7036.0,14000.0
1287,7873.0,1001.0,8874.0
1288,9327.0,414.0,9741.0
1289,1438.0,5799.0,7237.0
1290,6266.0,5587.0,11853.0
1291,3025.0,5317.0,8342.0
1292,1890.0,6749.0,8639.0
1293,6286.0,7871.0,14157.0
1294,2130.0,9555.0,11685.0
1295,8235.0,7603.0,15838.0
1296,2220.0,7771.0,9991.0
1297,7914.0,2481.0,10395.0
1298,8392.0,4456.0,12848.0
1299,1664.0,5061.0,6725.0
1300,1045.0,7365.0,8410.0
1301,1788.0,4626.0,6414.0
1302,5443.0,7175.0,12618.0
1303,3282.0,8933.0,12215.0
1304,4519.0,9771.0,14290.0
1305,2037.0,4198.0,6235.0
1306,3507.0,6415.0,9922.0
1307,3696.0,6596.0,10292.0
1308,7666.0,499.0,8165.0
1309,81.0,8863.0,8944.0
1310,7280.0,9822.0,17102.0
1311,5629.0,4594.0,10223.0
1312,569.0,8276.0,8845.0
1313,4278.0,5753.0,10031.0
1314,9560.0,2812.0,12372.0
1315,2901.0,3064.0,5965.0
1316,8483.0,3556.0,12039.0
1317,6890.0,623.0,7513.0
1318,2201.0,9939.0,12140.0
1319,1143.0,7648.0,8791.0
1320,1367.0,9563.0,10930.0
1321,1646.0,7923.0,9569.0
1322,4904.0,6490.0,11394.0
1323,7577.0,5285.0,12862.0
1324,4535.0,2335.0,6870.0
1325,1308.0,4511.0,5819.0
1326,5569.0,2284.0,7853.0
1327,8064.0,4793.0,12857.0
1328,7869.0,9786.0,17655.0
1329,9203.0,3868.0,13071.0
1330,9275.0,4388.0,13663.0
1331,8373.0,8121.0,16494.0
1332,5999.0,3563.0,9562.0
1333,8482.0,6325.0,14807.0
1334,2049.0,6629.0,8678.0
1335,7579.0,2074.0,9653.0
1336,9159.0,402.0,9561.0
1337,5624.0,4359.0,9983.0
1338,8178.0,5773.0,13951.0
1339,6246.0,2749.0,8995.0
1340,9418.0,6518.0,15936.0
1341,7422.0,5048.0,12470.0
1342,9470.0,2348.0,11818.0
1343,6110.0,3975.0,10085.0
1344,2375.0,9706.0,12081.0
1345,4243.0,9447.0,13690.0
1346,7768.0,4181.0,11949.0
1347,3106.0,6398.0,9504.0
1348,1775.0,7235.0,9010.0
1349,2989.0,6320.0,9309.0
1350,396.0,6422.0,6818.0
1351,1123.0,8645.0,9768.0
1352,5173.0,2767.0,7940.0
1353,6984.0,2262.0,9246.0
1354,5768.0,9716.0,15484.0
1355,3099.0,8271.0,11370.0
1356,5081.0,5916.0,10997.0
1357,6044.0,8527.0,14571.0
1358,1953.0,572.0,2525.0
1359,2510.0,4684.0,7194.0
1360,4321.0,2702.0,7023.0
1361,8282.0,2934.0,11216.0
1362,5607.0,2004.0,7611.0
1363,4250.0,5112.0,9362.0
1364,9803.0,6324.0,16127.0
1365,3340.0,459.0,3799.0
1366,484.0,201.0,685.0
1367,2341.0,1671.0,4012.0
1368,6079.0,3850.0,9929.0
1369,7230.0,9612.0,16842.0
1370,4727.0,8795.0,13522.0
1371,8106.0,8691.0,16797.0
1372,4705.0,4636.0,9341.0
1373,5781.0,2299.0,8080.0
1374,634.0,8366.0,9000.0
1375,8157.0,9257.0,17414.0
1376,7076.0,3328.0,10404.0
1377,6647.0,1430.0,8077.0
1378,1885.0,1571.0,3456.0
1379,1101.0,8799.0,9900.0
1380,9937.0,6633.0,16570.0
1381,1556.0,6046.0,7602.0
1382,4655.0,3341.0,7996.0
1383,7496.0,4536.0,12032.0
1384,6419.0,5241.0,11660.0
1385,5145.0,549.0,5694.0
1386,7713.0,1696.0,9409.0
1387,95.0,6039.0,6134.0
1388,2682.0,5740.0,8422.0
1389,2915.0,577.0,3492.0
1390,3944.0,7510.0,11454.0
1391,5875.0,8226.0,14101.0
1392,6492.0,916.0,7408.0
1393,3549.0,3082.0,6631.0
1394,3466.0,2643.0,6109.0
1395,3904.0,7120.0,11024.0
1396,8477.0,9197.0,17674.0
1397,4517.0,1451.0,5968.0
1398,5623.0,5175.0,10798.0
1399,8775.0,3886.0,12661.0
1400,1742.0,8353.0,10095.0
1401,8073.0,2174.0,10247.0
1402,3765.0,4532.0,8297.0
1403,9294.0,6841.0,16135.0
1404,9930.0,1166.0,11096.0
1405,1485.0,3666.0,5151.0
1406,2810.0,6335.0,9145.0
1407,1016.0,4285.0,5301.0
1408,604.0,1671.0,2275.0
1409,3944.0,5336.0,9280.0
1410,1418.0,5465.0,6883.0
1411,7680.0,2003.0,9683.0
1412,3548.0,7347.0,10895.0
1413,8660.0,2502.0,11162.0
1414,963.0,4559.0,5522.0
1415,7921.0,4313.0,12234.0
1416,1101.0,3684.0,4785.0
1417,2022.0,6207.0,8229.0
1418,1745.0,816.0,2561.0
1419,9294.0,9314.0,18608.0
1420,7963.0,6660.0,14623.0
1421,4326.0,7982.0,12308.0
1422,8492.0,2651.0,11143.0
1423,8238.0,911.0,9149.0
1424,7411.0,9364.0,16775.0
1425,5300.0,511.0,5811.0
1426,6119.0,6451.0,12570.0
1427,2545.0,5888.0,8433.0
1428,7915.0,9266.0,17181.0
1429,9181.0,3502.0,12683.0
1430,8273.0,9922.0,18195.0
1431,8281.0,966.0,9247.0
1432,2984.0,8870.0,11854.0
1433,9161.0,6628.0,15789.0
1434,1208.0,8275.0,9483.0
1435,6845.0,7288.0,14133.0
1436,4967.0,8174.0,13141.0
1437,7671.0,2517.0,10188.0
1438,8747.0,8274.0,17021.0
1439,6257.0,6738.0,12995.0
1440,9194.0,7293.0,16487.0
1441,4799.0,4829.0,9628.0
1442,3420.0,2943.0,6363.0
1443,2649.0,1329.0,3978.0
1444,5627.0,9520.0,15147.0
1445,7254.0,2562.0,9816.0
1446,144.0,8894.0,9038.0
1447,6640.0,555.0,7195.0
1448,3482.0,3844.0,7326.0
1449,5193.0,8699.0,13892.0
1450,7598.0,7151.0,14749.0
1451,2262.0,1282.0,3544.0
1452,7407.0,4110.0,11517.0
1453,7982.0,2421.0,10403.0
1454,3259.0,3678.0,6937.0
1455,8864.0,3108.0,11972.0
1456,2188.0,37.0,2225.0
1457,8139.0,9090.0,17229.0
1458,6060.0,2330.0,8390.0
1459,8430.0,1753.0,10183.0
1460,9795.0,4867.0,14662.0
1461,1694.0,873.0,2567.0
1462,8256.0,6389.0,14645.0
1463,2464.0,1873.0,4337.0
1464,1659.0,4715.0,6374.0
1465,8155.0,385.0,8540.0
1466,5351.0,2827.0,8178.0
1467,1356.0,6975.0,8331.0
1468,4529.0,8374.0,12903.0
1469,2216.0,8181.0,10397.0
1470,2905.0,5640.0,8545.0
1471,1591.0,1339.0,2930.0
1472,9902.0,7203.0,17105.0
1473,4412.0,1254.0,5666.0
1474,7081.0,4462.0,11543.0
1475,8946.0,8752.0,17698.0
1476,7252.0,7019.0,14271.0
1477,3526.0,1172.0,4698.0
1478,4857.0,2769.0,7626.0
1479,1055.0,9166.0,10221.0
1480,5645.0,877.0,6522.0
1481,3909.0,6335.0,10244.0
1482,7873.0,7512.0,15385.0
1483,1430.0,8175.0,9605.0
1484,5465.0,5642.0,11107.0
1485,1761.0,1208.0,2969.0
1486,8930.0,3071.0,12001.0
1487,679.0,6608.0,7287.0
1488,610.0,9812.0,10422.0
1489,2683.0,2436.0,5119.0
1490,4019.0,6721.0,10740.0
1491,8148.0,35.0,8183.0
1492,8492.0,409.0,8901.0
1493,6759.0,2762.0,9521.0
1494,9767.0,4610.0,14377.0
1495,2771.0,1683.0,4454.0
1496,6307.0,9688.0,15995.0
1497,3769.0,4538.0,8307.0
1498,6278.0,1293.0,7571.0
1499,1340.0,3076.0,4416.0
1500,6340.0,5604.0,11944.0
1501,580.0,3861.0,4441.0
1502,9815.0,882.0,10697.0
1503,5593.0,771.0,6364.0
1504,2782.0,3893.0,6675.0
1505,5308.0,4588.0,9896.0
1506,3653.0,8521.0,12174.0
1507,9583.0,6546.0,16129.0
1508,1069.0,3042.0,4111.0
1509,5023.0,7648.0,12671.0
1510,1755.0,9094.0,10849.0
1511,9284.0,5107.0,14391.0
1512,4632.0,2936.0,7568.0
1513,7756.0,3915.0,11671.0
1514,5290.0,4591.0,9881.0
1515,119.0,6742.0,6861.0
1516,7938.0,9102.0,17040.0
1517,4107.0,5113.0,9220.0
1518,2093.0,4123.0,6216.0
1519,4987.0,9181.0,14168.0
1520,5266.0,8171.0,13437.0
1521,1977.0,5104.0,7081.0
1522,6914.0,5499.0,12413.0
1523,9203.0,4695.0,13898.0
1524,8940.0,6666.0,15606.0
1525,1417.0,3397.0,4814.0
1526,5311.0,1497.0,6808.0
1527,4022.0,9225.0,13247.0
1528,2162.0,1150.0,3312.0
1529,1057.0,559.0,1616.0
1530,3553.0,9013.0,12566.0
1531,2538.0,5132.0,7670.0
1532,9725.0,2953.0,12678.0
1533,9573.0,9687.0,19260.0
1534,3058.0,2332.0,5390.0
1535,4253.0,2130.0,6383.0
1536,1445.0,8084.0,9529.0
1537,1167.0,7666.0,8833.0
1538,7854.0,4034.0,11888.0
1539,8273.0,1824.0,10097.0
1540,4437.0,5156.0,9593.0
1541,9527.0,5778.0,15305.0
1542,9771.0,7780.0,17551.0
1543,1858.0,9722.0,11580.0
1544,9778.0,1487.0,11265.0
1545,7662.0,6920.0,14582.0
1546,7025.0,8827.0,15852.0
1547,8891.0,3250.0,12141.0
1548,5196.0,4742.0,9938.0
1549,7106.0,5526.0,12632.0
1550,870.0,1379.0,2249.0
1551,2441.0,1269.0,3710.0
1552,2366.0,8577.0,10943.0
1553,417.0,7500.0,7917.0
1554,9061.0,293.0,9354.0
1555,5833.0,778.0,6611.0
1556,3192.0,7038.0,10230.0
1557,8185.0,3530.0,11715.0
1558,6078.0,4377.0,10455.0
1559,7601.0,8590.0,16191.0
1560,4250.0,3532.0,7782.0
1561,5819.0,5691.0,11510.0
1562,2234.0,9160.0,11394.0
1563,2979.0,1491.0,4470.0
1564,2048.0,5383.0,7431.0
1565,5133.0,8403.0,13536.0
1566,4623.0,3858.0,8481.0
1567,7659.0,7505.0,15164.0
1568,8056.0,4566.0,12622.0
1569,7700.0,6653.0,14353.0
1570,3163.0,7184.0,10347.0
1571,5967.0,6534.0,12501.0
1572,9694.0,5092.0,14786.0
1573,9214.0,5987.0,15201.0
1574,4411.0,4795.0,9206.0
1575,9920.0,2740.0,12660.0
1576,3175.0,1382.0,4557.0
1577,9947.0,625.0,10572.0
1578,4847.0,1849.0,6696.0
1579,2384.0,1734.0,4118.0
1580,6750.0,152.0,6902.0
1581,5251.0,2493.0,7744.0
1582,5168.0,1402.0,6570.0
1583,3180.0,4785.0,7965.0
1584,7934.0,3253.0,11187.0
1585,6045.0,183.0,6228.0
1586,1140.0,8510.0,9650.0
1587,7202.0,2091.0,9293.0
1588,5472.0,4294.0,9766.0
1589,2585.0,7251.0,9836.0
1590,4907.0,1510.0,6417.0
1591,5909.0,1899.0,7808.0
1592,4473.0,705.0,5178.0
1593,5680.0,7946.0,13626.0
1594,1784.0,60.0,1844.0
1595,7532.0,459.0,7991.0
1596,9866.0,2896.0,12762.0
1597,7826.0,3851.0,11677.0
1598,1917.0,7120.0,9037.0
1599,8092.0,9220.0,17312.0
1600,7909.0,8819.0,16728.0
1601,8469.0,3079.0,11548.0
1602,359.0,9096.0,9455.0
1603,9625.0,6822.0,16447.0
1604,4257.0,8046.0,12303.0
1605,2352.0,2490.0,4842.0
1606,5723.0,9978.0,15701.0
1607,9821.0,5512.0,15333.0
1608,6644.0,6165.0,12809.0
1609,5988.0,4022.0,10010.0
1610,5013.0,8212.0,13225.0
1611,9025.0,3513.0,12538.0
1612,4543.0,2425.0,6968.0
1613,6222.0,8561.0,14783.0
1614,9017.0,709.0,9726.0
1615,389.0,956.0,1345.0
1616,4393.0,9467.0,13860.0
1617,7092.0,5758.0,12850.0
1618,4183.0,3357.0,7540.0
1619,3600.0,7771.0,11371.0
1620,4514.0,8820.0,13334.0
1621,1413.0,2826.0,4239.0
1622,202.0,3005.0,3207.0
1623,441.0,4371.0,4812.0
1624,6651.0,7.0,6658.0
1625,1667.0,6611.0,8278.0
1626,3835.0,4134.0,7969.0
1627,7678.0,2848.0,10526.0
1628,6178.0,3126.0,9304.0
1629,5100.0,5260.0,10360.0
1630,3146.0,3765.0,6911.0
1631,499.0,6185.0,6684.0
1632,7582.0,3192.0,10774.0
1633,1625.0,7937.0,9562.0
1634,6605.0,5017.0,11622.0
1635,9263.0,4507.0,13770.0
1636,1328.0,2904.0,4232.0
1637,4204.0,8356.0,12560.0
1638,1923.0,616.0,2539.0
1639,2017.0,4222.0,6239.0
1640,3914.0,1185.0,5099.0
1641,443.0,4427.0,4870.0
1642,6303.0,8431.0,14734.0
1643,6559.0,1856.0,8415.0
1644,4493.0,1486.0,5979.0
1645,6599.0,5913.0,12512.0
1646,7819.0,4569.0,12388.0
1647,40.0,1972.0,2012.0
1648,5097.0,6243.0,11340.0
1649,7281.0,7706.0,14987.0
1650,6043.0,3210.0,9253.0
1651,5701.0,3424.0,9125.0
1652,7800.0,7158.0,14958.0
1653,7589.0,6674.0,14263.0
1654,7616.0,89.0,7705.0
1655,7449.0,3822.0,11271.0
1656,1148.0,7318.0,8466.0
1657,377.0,7506.0,7883.0
1658,5011.0,3422.0,8433.0
1659,990.0,7654.0,8644.0
1660,6609.0,5909.0,12518.0
1661,5212.0,5545.0,10757.0
1662,3147.0,4322.0,7469.0
1663,3579.0,3284.0,6863.0
1664,4127.0,6638.0,10765.0
1665,5141.0,8172.0,13313.0
1666,5660.0,4929.0,10589.0
1667,3469.0,9084.0,12553.0
1668,7188.0,1281.0,8469.0
1669,8749.0,6091.0,14840.0
1670,1502.0,9083.0,10585.0
1671,4814.0,1594.0,6408.0
1672,9456.0,6145.0,15601.0
1673,3468.0,9479.0,12947.0
1674,6466.0,5055.0,11521.0
1675,5361.0,2518.0,7879.0
1676,9043.0,5670.0,14713.0
1677,4726.0,5873.0,10599.0
1678,1621.0,9166.0,10787.0
1679,1197.0,9230.0,10427.0
1680,7125.0,3958.0,11083.0
1681,8755.0,1392.0,10147.0
1682,3391.0,3746.0,7137.0
1683,8382.0,8386.0,16768.0
1684,6131.0,8214.0,14345.0
1685,6402.0,6891.0,13293.0
1686,3531.0,3961.0,7492.0
1687,8771.0,2389.0,11160.0
1688,9312.0,9631.0,18943.0
1689,4532.0,9927.0,14459.0
1690,528.0,4892.0,5420.0
1691,5664.0,7446.0,13110.0
1692,9224.0,4299.0,13523.0
1693,3375.0,9181.0,12556.0
1694,9463.0,5076.0,14539.0
1695,5226.0,4786.0,10012.0
1696,1601.0,3001.0,4602.0
1697,4427.0,5597.0,10024.0
1698,289.0,4319.0,4608.0
1699,6508.0,8466.0,14974.0
1700,4766.0,6822.0,11588.0
1701,771.0,9436.0,10207.0
1702,5330.0,4113.0,9443.0
1703,6706.0,7051.0,13757.0
1704,8151.0,4992.0,13143.0
1705,2761.0,3617.0,6378.0
1706,9605.0,1876.0,11481.0
1707,721.0,6250.0,6971.0
1708,3782.0,6484.0,10266.0
1709,5376.0,9548.0,14924.0
1710,692.0,1869.0,2561.0
1711,8280.0,6204.0,14484.0
1712,8192.0,6350.0,14542.0
1713,827.0,2881.0,3708.0
1714,9026.0,8166.0,17192.0
1715,4118.0,1104.0,5222.0
1716,1938.0,398.0,2336.0
1717,9890.0,8017.0,17907.0
1718,2547.0,5453.0,8000.0
1719,8095.0,7392.0,15487.0
1720,1296.0,3583.0,4879.0
1721,2706.0,4326.0,7032.0
1722,7005.0,8118.0,15123.0
1723,5844.0,9068.0,14912.0
1724,3721.0,2651.0,6372.0
1725,4795.0,3259.0,8054.0
1726,624.0,2290.0,2914.0
1727,3352.0,7973.0,11325.0
1728,4495.0,1057.0,5552.0
1729,7539.0,7002.0,14541.0
1730,9090.0,1712.0,10802.0
1731,2170.0,3909.0,6079.0
1732,9154.0,2411.0,11565.0
1733,8898.0,2985.0,11883.0
1734,9606.0,9580.0,19186.0
1735,4633.0,3071.0,7704.0
1736,3972.0,8495.0,12467.0
1737,6764.0,4065.0,10829.0
1738,7734.0,8180.0,15914.0
1739,7238.0,9416.0,16654.0
1740,3927.0,3216.0,7143.0
1741,8280.0,3963.0,12243.0
1742,6863.0,5143.0,12006.0
1743,6612.0,965.0,7577.0
1744,445.0,106.0,551.0
1745,3999.0,6605.0,10604.0
1746,5653.0,1910.0,7563.0
1747,7358.0,7100.0,14458.0
1748,5956.0,7442.0,13398.0
1749,7672.0,3147.0,10819.0
1750,2080.0,7718.0,9798.0
1751,4343.0,9262.0,13605.0
1752,9931.0,3257.0,13188.0
1753,1582.0,6798.0,8380.0
1754,8437.0,6318.0,14755.0
1755,6595.0,6621.0,13216.0
1756,4729.0,8212.0,12941.0
1757,1399.0,1025.0,2424.0
1758,3840.0,9701.0,13541.0
1759,4353.0,7064.0,11417.0
1760,3866.0,8118.0,11984.0
1761,6252.0,7931.0,14183.0
1762,4750.0,4274.0,9024.0
1763,2702.0,1108.0,3810.0
1764,5582.0,8759.0,14341.0
1765,4894.0,5581.0,10475.0
1766,6583.0,6445.0,13028.0
1767,5259.0,2496.0,7755.0
1768,9906.0,9305.0,19211.0
1769,5821.0,1624.0,7445.0
1770,5981.0,821.0,6802.0
1771,7129.0,7513.0,14642.0
1772,6883.0,1438.0,8321.0
1773,3652.0,5139.0,8791.0
1774,28.0,3305.0,3333.0
1775,9451.0,374.0,9825.0
1776,3904.0,3520.0,7424.0
1777,7836.0,3681.0,11517.0
1778,9254.0,40.0,9294.0
1779,5190.0,2133.0,7323.0
1780,3668.0,9443.0,13111.0
1781,3614.0,5056.0,8670.0
1782,6837.0,1138.0,7975.0
1783,7914.0,256.0,8170.0
1784,8605.0,3480.0,12085.0
1785,4253.0,3124.0,7377.0
1786,3018.0,7820.0,10838.0
1787,4290.0,6712.0,11002.0
1788,4261.0,2469.0,6730.0
1789,8723.0,3038.0,11761.0
1790,9914.0,7038.0,16952.0
1791,8850.0,2116.0,10966.0
1792,3368.0,5481.0,8849.0
1793,4284.0,2663.0,6947.0
1794,8458.0,2196.0,10654.0
1795,4273.0,5902.0,10175.0
1796,453.0,6299.0,6752.0
1797,3487.0,5405.0,8892.0
1798,357.0,128.0,485.0
1799,2378.0,917.0,3295.0
1800,349.0,4906.0,5255.0
1801,1603.0,6229.0,7832.0
1802,7155.0,3264.0,10419.0
1803,9112.0,7338.0,16450.0
1804,659.0,5781.0,6440.0
1805,1075.0,9116.0,10191.0
1806,4132.0,5650.0,9782.0
1807,9846.0,6020.0,15866.0
1808,2850.0,6883.0,9733.0
1809,3259.0,5045.0,8304.0
1810,7644.0,5337.0,12981.0
1811,7475.0,1817.0,9292.0
1812,1863.0,5339.0,7202.0
1813,1589.0,4432.0,6021.0
1814,4643.0,4035.0,8678.0
1815,6660.0,9269.0,15929.0
1816,5933.0,6770.0,12703.0
1817,255.0,2431.0,2686.0
1818,2666.0,8421.0,11087.0
1819,6118.0,4099.0,10217.0
1820,9822.0,1214.0,11036.0
1821,3186.0,5021.0,8207.0
1822,4478.0,2389.0,6867.0
1823,3108.0,5337.0,8445.0
1824,8271.0,5418.0,13689.0
1825,9534.0,6830.0,16364.0
1826,8738.0,8492.0,17230.0
1827,7423.0,8420.0,15843.0
1828,6803.0,9999.0,16802.0
1829,9939.0,3003.0,12942.0
1830,2905.0,9463.0,12368.0
1831,1379.0,8567.0,9946.0
1832,5177.0,7654.0,12831.0
1833,7459.0,5532.0,12991.0
1834,4668.0,925.0,5593.0
1835,155.0,5395.0,5550.0
1836,2422.0,4234.0,6656.0
1837,8851.0,2618.0,11469.0
1838,230.0,6331.0,6561.0
1839,8859.0,5700.0,14559.0
1840,8754.0,272.0,9026.0
1841,2146.0,43.0,2189.0
1842,350.0,9040.0,9390.0
1843,5166.0,5402.0,10568.0
1844,6538.0,5811.0,12349.0
1845,526.0,4918.0,5444.0
1846,3508.0,7802.0,11310.0
1847,6091.0,7131.0,13222.0
1848,9822.0,4357.0,14179.0
1849,2134.0,7250.0,9384.0
1850,387.0,1690.0,2077.0
1851,660.0,1836.0,2496.0
1852,993.0,1747.0,2740.0
1853,263.0,8075.0,8338.0
1854,5567.0,8881.0,14448.0
1855,4231.0,8811.0,13042.0
1856,6721.0,7256.0,13977.0
1857,1453.0,9094.0,10547.0
1858,8607.0,1222.0,9829.0
1859,3724.0,490.0,4214.0
1860,8435.0,1221.0,9656.0
1861,3004.0,3134.0,6138.0
1862,5723.0,7498.0,13221.0
1863,3432.0,2229.0,5661.0
1864,7226.0,9828.0,17054.0
1865,1459.0,9060.0,10519.0
1866,7370.0,8092.0,15462.0
1867,7016.0,5619.0,12635.0
1868,1508.0,3340.0,4848.0
1869,5166.0,9436.0,14602.0
1870,1943.0,931.0,2874.0
1871,5426.0,6980.0,12406.0
1872,6337.0,8081.0,14418.0
1873,4193.0,9567.0,13760.0
1874,6292.0,1691.0,7983.0
1875,2900.0,6285.0,9185.0
1876,1799.0,4265.0,6064.0
1877,2303.0,3375.0,5678.0
1878,776.0,5561.0,6337.0
1879,2809.0,9202.0,12011.0
1880,6809.0,2186.0,8995.0
1881,4197.0,6481.0,10678.0
1882,2940.0,9492.0,12432.0
1883,3985.0,7226.0,11211.0
1884,108.0,2320.0,2428.0
1885,8555.0,9890.0,18445.0
1886,5002.0,3544.0,8546.0
1887,3810.0,6105.0,9915.0
1888,109.0,4961.0,5070.0
1889,9328.0,2026.0,11354.0
1890,7125.0,6702.0,13827.0
1891,7655.0,2470.0,10125.0
1892,3075.0,2836.0,5911.0
1893,4180.0,6985.0,11165.0
1894,3392.0,7996.0,11388.0
1895,7173.0,9376.0,16549.0
1896,9631.0,9177.0,18808.0
1897,6804.0,9923.0,16727.0
1898,1412.0,91.0,1503.0
1899,9175.0,7176.0,16351.0
1900,9111.0,4698.0,13809.0
1901,6748.0,3128.0,9876.0
1902,9697.0,2968.0,12665.0
1903,7921.0,6124.0,14045.0
1904,387.0,1222.0,1609.0
1905,5843.0,4375.0,10218.0
1906,661.0,1877.0,2538.0
1907,3931.0,113.0,4044.0
1908,8662.0,5336.0,13998.0
1909,7454.0,2071.0,9525.0
1910,7564.0,6136.0,13700.0
1911,4261.0,6596.0,10857.0
1912,7472.0,7421.0,14893.0
1913,5605.0,9921.0,15526.0
1914,7905.0,5338.0,13243.0
1915,207.0,6264.0,6471.0
1916,3536.0,5827.0,9363.0
1917,4863.0,8045.0,12908.0
1918,8199.0,8014.0,16213.0
1919,9486.0,5699.0,15185.0
1920,9813.0,8405.0,18218.0
1921,8191.0,2931.0,11122.0
1922,5037.0,4681.0,9718.0
1923,3712.0,6342.0,10054.0
1924,1994.0,4042.0,6036.0
1925,7547.0,283.0,7830.0
1926,4492.0,3180.0,7672.0
1927,9089.0,6210.0,15299.0
1928,220.0,2372.0,2592.0
1929,94.0,1062.0,1156.0
1930,4866.0,2161.0,7027.0
1931,4627.0,3711.0,8338.0
1932,7516.0,6318.0,13834.0
1933,8439.0,4338.0,12777.0
1934,7614.0,3405.0,11019.0
1935,1023.0,8158.0,9181.0
1936,7776.0,2626.0,10402.0
1937,8036.0,4361.0,12397.0
1938,6000.0,7890.0,13890.0
1939,877.0,1130.0,2007.0
1940,948.0,945.0,1893.0
1941,1021.0,1009.0,2030.0
1942,4033.0,5376.0,9409.0
1943,4915.0,5143.0,10058.0
1944,7946.0,6880.0,14826.0
1945,1241.0,1837.0,3078.0
1946,9283.0,5277.0,14560.0
1947,3435.0,9648.0,13083.0
1948,8373.0,3418.0,11791.0
1949,8716.0,9927.0,18643.0
1950,3782.0,6200.0,9982.0
1951,1645.0,5184.0,6829.0
1952,4301.0,7217.0,11518.0
1953,2345.0,5595.0,7940.0
1954,2296.0,5969.0,8265.0
1955,1.0,6375.0,6376.0
1956,6416.0,3062.0,9478.0
1957,4231.0,9483.0,13714.0
1958,832.0,5376.0,6208.0
1959,3925.0,1715.0,5640.0
1960,7923.0,1630.0,9553.0
1961,8827.0,3808.0,12635.0
1962,6309.0,5337.0,11646.0
1963,1609.0,1282.0,2891.0
1964,4838.0,8497.0,13335.0
1965,5047.0,9304.0,14351.0
1966,6751.0,8761.0,15512.0
1967,9457.0,4148.0,13605.0
1968,4070.0,4414.0,8484.0
1969,9.0,1831.0,1840.0
1970,9876.0,93.0,9969.0
1971,1746.0,4812.0,6558.0
1972,5210.0,9333.0,14543.0
1973,6982.0,1771.0,8753.0
1974,1650.0,1523.0,3173.0
1975,9801.0,7671.0,17472.0
1976,7412.0,1902.0,9314.0
1977,8312.0,8989.0,17301.0
1978,5061.0,1293.0,6354.0
1979,5502.0,7142.0,12644.0
1980,2322.0,5544.0,7866.0
1981,6409.0,4649.0,11058.0
1982,9391.0,7228.0,16619.0
1983,2227.0,4510.0,6737.0
1984,2437.0,5462.0,7899.0
1985,1882.0,7067.0,8949.0
1986,987.0,6412.0,7399.0
1987,3026.0,5512.0,8538.0
1988,7496.0,4180.0,11676.0
1989,9892.0,8981.0,18873.0
1990,4545.0,9328.0,13873.0
1991,8064.0,8642.0,16706.0
1992,9484.0,9984.0,19468.0
1993,6479.0,1954.0,8433.0
1994,6032.0,3350.0,9382.0
1995,9680.0,389.0,10069.0
1996,2006.0,1582.0,3588.0
1997,2643.0,8414.0,11057.0
1998,7041.0,1681.0,8722.0
1999,4937.0,4301.0,9238.0
